{
    "accuracy": 0.989132750905604,
    "best_params": {
        "n_neighbors": 7,
        "weights": "distance",
        "metric": "manhattan"
    },
    "confusion_matrix": [
        [
            1974,
            13,
            0,
            0
        ],
        [
            14,
            1840,
            3,
            0
        ],
        [
            0,
            7,
            309,
            11
        ],
        [
            0,
            0,
            3,
            519
        ]
    ],
    "classification_report": {
        "0": {
            "precision": 0.9929577464788732,
            "recall": 0.9934574735782586,
            "f1-score": 0.9932075471698113,
            "support": 1987.0
        },
        "1": {
            "precision": 0.989247311827957,
            "recall": 0.9908454496499731,
            "f1-score": 0.9900457358084477,
            "support": 1857.0
        },
        "2": {
            "precision": 0.9809523809523809,
            "recall": 0.944954128440367,
            "f1-score": 0.9626168224299065,
            "support": 327.0
        },
        "3": {
            "precision": 0.9792452830188679,
            "recall": 0.9942528735632183,
            "f1-score": 0.9866920152091255,
            "support": 522.0
        },
        "accuracy": 0.989132750905604,
        "macro avg": {
            "precision": 0.9856006805695198,
            "recall": 0.9808774813079542,
            "f1-score": 0.9831405301543228,
            "support": 4693.0
        },
        "weighted avg": {
            "precision": 0.9891278002610941,
            "recall": 0.989132750905604,
            "f1-score": 0.9891002046657672,
            "support": 4693.0
        }
    }
}